{
    "init_data": {
        "instance": {
            "existing_destinations_policy": "update",
            "destinations": [
		    {
                    "Name": "executeDestination",
                    "Authentication": "NoAuthentication",
                    "ProxyType": "Internet",
                    "Type": "HTTP",
                    "URL": "https://sap-internal-ubn-q.eu10.hcs.cloud.sap/api/v1/dwc/consumption/relational/CATENA_X/VR_OData_Input/VR_OData_Input"
              }
            ]
        }
    }
}